60062898;HP;A140ASR2107400554
61366101;ACER;NXK6WAL00313713CC53400
60746501;HP;CND1111BM5
61459213;MSI;S/N. K2212N0017594
61310038;APPLE;C1MVM30RJ1WK
61546997;LENOVO;MP2KAPP2
61365568;LENOVO;PF4669KA
61366595;TOSHIBA;ZB226151K
61524752;LENOVO;PF9XB2327043
61366324;LENOVO;PF4RHXTP
61432411;LENOVO;82XB0032LM
71684016;LENOVO;PF4BJGCM
61612306;HP;CNA111BK13
61459278;LENOVO;801F24784579
61365597;HP;5CD24846NW
61367511;HP;5CD201L36Q
61460664;HP;CND85016TF
61524453;LENOVO;PF3KJCXY
60690394;ASUS;R2NOCVMM229085
61366129;HACER;NHQ59AL00W0360B5F-63400
61367186;HP;5CGG851BFK2
60400054;LENOVO;TP00120E
60392441;HP;5CD327C3BB
61366864;ASUS;NANOCV07W889438
61558772;LENOVO;PF39K2GS
60309288;LENOVO;MP2351KMC
61460009;LENOVO;PXB1415147
72063549;TOSHIBA;S/N.
60644409;HP;BC07154J7G
61456397;ASUS;R1NOCV04N024023
60349461;HP;5CG1261084X5CG1261D84
60389748;HP;SCD338FZSV
60309293;ASUS;R3N0CV116365127
61761144;HP;SC02515KNT
61456726;LENOVO;PF9X83915137
71678756;HP;N/P 5CD210D05X
61367566;HP;5CD2272F3H
61414604;ACER;NXKHJAL00334208323400
72333147;HP;NCD237OW3K
61414917;ASUS;R7NOCV18185030B
61432358;ACER;NXRDE003246ODSE3400
60398870;HP;5CD2488WQVC
61469662;LENOVO;20V-325A
62012246;CHUWI;CWI532
61457261;HP;5CD2518CHG
60746433;HP;CND111DEQ
61460883;HACER;21105205934
61460718;ADVANCE;YKJT2009011428
60365984;HP;CND9247PS58
61607696;ASUS;K55VDD1NDCV212961-025
60061940;ASUS;N6NRCXC01X414237
61317405;HP;5CD40225LB
60247089;HP;5CD338895V
61636041;LENOVO;PF1Q0Q2Z
62564263;ASUS;R2N0CV0312889283
61554983;LENOVO;PF4NWYWH
60770309;ASUS;NCNRCX06Y737514
60062789;LENOVO;PF3T24TB
61635988;HP;14CK2091LA
61426566;HP;CND1037W24
62886848;HP;5CG142C3ZC
61580678;MACBOOK;C02XRE418K7C
61413878;HP;5CD3325LC6
61460851;DELL;8LGDOH3
61457604;LENOVO;PF475HF9
61414248;ASUS;R9NOV17K2596398
71353897;LENOVO;PF48QR22
61414830;ASUS;RBNOCV1266916486
61456190;LENOVO;PF3WZBD5
61761316;ASUS;X515JDN8NOCXOZ481314
61415414;ASUS;3F58FLOT
60622817;LENOVO;PF35PQWP
72349925;ACER;NXHMDAL009114260257600
61388557;HP;5CG1110GHJ
60355435;HACER;NHQEKAL00K2470C13C3400
61546982;ASUS;M5Q9260D21
61616408;HP;5CD1080569
61367146;LENOVO;PF40FRE7
61524194;ASUS;NBNOCV10B612474
61458590;HP;5CD0521XW2
61555097;HP;5CD2518W84
60625443;APPLE;LBNOCX131012G47C
60362684;HP;5CD3089IT9
61366074;HP;5CD2117HPC
61403525;LENOVO;PFS21QWX
61366263;ASUS;N3NOCX28Y65313C
61656717;HP;JHEROPCW4H2309051- 12